page	scheme	showImage	showDescription	sort
/company/about-us/emd100/1920s	root=parent	true	true	desc
/company/about-us/emd100/1930s	root=parent	true	true	desc
/company/about-us/emd100/1940s	root=parent	true	true	asc
/company/about-us/emd100/1950s	root=parent	true	true	desc
/company/about-us/emd100/1960s	root=parent	true	true	desc
/company/about-us/emd100/1970s	root=parent	true	true	desc
/company/about-us/emd100/1980s	root=parent	true	true	desc
/company/about-us/emd100/1990s	root=parent	true	true	desc
/company/about-us/emd100/2000s	root=parent	true	true	desc
/company/about-us/emd100/2010s	root=parent	true	true	desc
/company/about-us/emd100/2020s	root=parent	true	true	desc
/company/about-us/emd100	(self)	true	false	asc
/company/codeof-conduct	root=parent	true	true	asc
/company/community-outreach/home-activities	root=/segments	true	false	desc
/company/leadership/larry-haskell	root=/company	true	true	asc
/company/leadership/leah-green	root=/company	true	true	asc
/company/leadership/sam-doerr	root=/segments/infrastructure	true	true	asc
/company/locations/africa	root=/segments	true	true	asc
/company/locations/asia	root=/segments	true	true	asc
/company/locations/australia	root=/segments	true	true	asc
/company/locations/europe/inspection-informations-system-gmb-h	root=/segments/infrastructure/signaling	true	true	asc
/company/locations/europe	root=/segments	true	true	asc
/company/locations/middle-east-africa	root=/segments	true	true	asc
/company/locations/north-america	root=/segments	true	true	asc
/company/locations/south-america	root=/segments	true	true	asc
/company/locations	root=/segments	true	true	desc
/company/news/press-releases	(self)	false	true	desc
/company/news	root=/company/news/press-releases	false	true	desc
/company/valentines	root=/segments	true	false	desc
/segments/freight-car/freight-car-services	root=parent	true	false	desc
/segments/freight-car/freight-parts/wheel-axle-bearing-logistics	root=/segments/freight-car	true	false	asc
/segments/freight-car/freight-parts	root=parent	true	false	asc
/segments/freight-car	(self)	true	true	asc
/segments/infrastructure/fasteners/egg-direct-fixation-fastener	root=/segments/infrastructure	true	true	asc
/segments/infrastructure/fasteners/high-resilient-special-trackwork-df	root=/segments/infrastructure	true	true	asc
/segments/infrastructure/fasteners	root=parent	true	true	asc
/segments/infrastructure/rail-services	root=parent	true	true	asc
/segments/infrastructure/signaling/asset-protection	root=parent	true	true	asc
/segments/infrastructure/signaling/services	root=parent	true	true	asc
/segments/infrastructure/signaling/structures	root=parent	true	true	asc
/segments/infrastructure/signaling/systems	root=/segments/rail-technology/predictive-condition-monitoring-systems	true	true	asc
/segments/infrastructure/signaling/systems	root=parent	true	true	asc
/segments/infrastructure/signaling	(self)	true	true	asc
/segments/infrastructure/trackwork	root=parent	true	true	asc
/segments/infrastructure	(self)	true	true	asc
/segments/locomotive/engines/cat-rail-engines	root=parent	true	true	asc
/segments/locomotive/engines/engine-product-support	root=parent	true	false	asc
/segments/locomotive/engines/marine-stationary-engines	root=parent	true	false	asc
/segments/locomotive/engines/natural-gas-solutions	root=parent	true	false	asc
/segments/locomotive/engines	(self)	true	false	asc
/segments/locomotive/locomotive-components	FLAG(curated)	true	false	asc
/segments/locomotive/locomotive-electronics	root=/segments/rail-technology	true	false	asc
/segments/locomotive/locomotive-services/contract-maintenance-customer-performance	root=/company/locations	true	true	asc
/segments/locomotive/locomotive-services/engine-overhaul	root=/segments/locomotive	true	true	asc
/segments/locomotive/locomotive-services/locomotive-remanufacturing	root=/segments/locomotive	true	true	asc
/segments/locomotive/locomotive-services	root=parent	true	true	asc
/segments/locomotive/locomotives/freight-locomotives/gt38-ac	root=parent	true	true	asc
/segments/locomotive/locomotives/freight-locomotives/gt38-acl	root=parent	true	true	asc
/segments/locomotive/locomotives/freight-locomotives/gt42-ac	root=parent	true	true	asc
/segments/locomotive/locomotives/freight-locomotives/gt46-ac	root=parent	true	true	asc
/segments/locomotive/locomotives/freight-locomotives/gt46-ac-1520mm	root=parent	true	true	asc
/segments/locomotive/locomotives/freight-locomotives/gt46-c-a-ce-gen-ii	root=parent	true	true	asc
/segments/locomotive/locomotives/freight-locomotives/gt46-c-a-ce-gen-iii	root=parent	true	true	asc
/segments/locomotive/locomotives/freight-locomotives/jt42-a-ce	root=parent	true	true	asc
/segments/locomotive/locomotives/freight-locomotives/sd70-acs	root=parent	true	true	asc
/segments/locomotive/locomotives/freight-locomotives/sd70-a-ce-45	root=parent	true	true	asc
/segments/locomotive/locomotives/freight-locomotives/sd70-a-ce-bb	root=parent	true	true	asc
/segments/locomotive/locomotives/freight-locomotives/sd70-a-ce-l-ci	root=parent	true	true	asc
/segments/locomotive/locomotives/freight-locomotives/sd70-a-ce-t4	root=parent	true	true	asc
/segments/locomotive/locomotives/freight-locomotives/sd70-a-ce	root=parent	true	true	asc
/segments/locomotive/locomotives/freight-locomotives/sd80-a-ce	root=parent	true	true	asc
/segments/locomotive/locomotives/freight-locomotives	(self)	true	false	asc
/segments/locomotive/locomotives/freight-locomotives	root=/segments/locomotive	true	true	asc
/segments/locomotive/locomotives/passenger-locomotives/repowered	root=/segments/locomotive/locomotives/freight-locomotives	true	true	asc
/segments/locomotive/locomotives/passenger-locomotives	root=/segments/locomotive/locomotives/freight-locomotives	true	true	asc
/segments/locomotive/locomotives/repowered-locomotives/emd20-b	root=parent	true	true	asc
/segments/locomotive/locomotives/repowered-locomotives/emd24-b	root=parent	true	true	asc
/segments/locomotive/locomotives/repowered-locomotives/emd30-c	root=parent	true	true	asc
/segments/locomotive/locomotives/repowered-locomotives/emd710-eco	root=parent	true	true	asc
/segments/locomotive/locomotives/repowered-locomotives/gt26-cu-3	root=/segments/locomotive/locomotives/freight-locomotives	true	true	asc
/segments/locomotive/locomotives/repowered-locomotives	(self)	true	false	asc
/segments/locomotive/locomotives/repowered-locomotives	root=/segments/locomotive	true	false	asc
/segments/locomotive/locomotives	root=parent	true	true	asc
/segments/locomotive	(self)	true	true	asc
/segments/rail-technology/nitro/nitro-yard	root=/segments/rail-technology	true	true	asc
/segments/rail-technology/nitro	root=parent	true	true	asc
/segments/rail-technology/pr-uptime-suite	root=parent	true	true	asc
/segments/rail-technology/power-view-suite/connect	root=/segments/rail-technology	true	false	asc
/segments/rail-technology/power-view-suite/event-recorder	root=/segments/rail-technology	true	false	asc
/segments/rail-technology/power-view-suite/fuel-monitoring	root=/segments/rail-technology	true	false	asc
/segments/rail-technology/power-view-suite	root=parent	true	false	asc
/segments/rail-technology/predictive-condition-monitoring-systems/argus	root=parent	true	false	asc
/segments/rail-technology/predictive-condition-monitoring-systems/battery-condition-monitoring	root=parent	true	false	asc
/segments/rail-technology/predictive-condition-monitoring-systems/oscar	root=parent	true	false	asc
/segments/rail-technology/predictive-condition-monitoring-systems	root=parent	true	true	asc
/segments/rail-technology/talos	root=parent	true	true	asc
/segments/rail-technology	(self)	true	false	desc
/segments	(self)	true	false	desc
/services/contract-maintenance-customer-performance	FLAG(no-items)	true	true	asc
/services/parts	FLAG(no-items)	true	false	asc
/services	(self)	true	true	asc
/company/codeof-conduct	FLAG(no-items)	true	true	asc
/company/community-outreach/home-activities	FLAG(no-items)	true	false	desc
/company/leadership/john-newman	FLAG(no-items)	true	true	asc
/company/leadership/larry-haskell	FLAG(no-items)	true	true	asc
/company/leadership/leah-green	FLAG(no-items)	true	true	asc
/company/leadership/sam-doerr	FLAG(no-items)	true	true	asc
/company/locations/africa	FLAG(no-items)	true	true	asc
/company/locations/asia	FLAG(no-items)	true	true	asc
/company/locations/australia	FLAG(no-items)	true	true	asc
/company/locations/europe/inspection-informations-system-gmb-h	root=/segments/infrastructure/signaling	true	true	asc
/company/locations/europe	FLAG(no-items)	true	true	asc
/company/locations/middle-east-africa	FLAG(no-items)	true	true	asc
/company/locations/north-america	FLAG(no-items)	true	true	asc
/company/locations/south-america	FLAG(no-items)	true	true	asc
/company/locations	FLAG(no-items)	true	true	desc
/company/news/press-releases	FLAG(no-items)	false	true	desc
/company/news	FLAG(no-items)	false	true	desc
/segments/freight-car/freight-car-services	FLAG(no-items)	true	false	desc
/segments/freight-car/freight-parts/wheel-axle-bearing-logistics	FLAG(no-items)	true	false	asc
/segments/freight-car/freight-parts	FLAG(no-items)	true	false	asc
/segments/freight-car	FLAG(no-items)	true	true	asc
/segments/infrastructure/fasteners	FLAG(no-items)	true	true	asc
/segments/infrastructure/rail-services	FLAG(no-items)	true	true	asc
/segments/infrastructure/signaling/asset-protection	FLAG(no-items)	true	true	asc
/segments/infrastructure/signaling/services	FLAG(no-items)	true	true	asc
/segments/infrastructure/signaling/structures	FLAG(no-items)	true	true	asc
/segments/infrastructure/signaling/systems	FLAG(no-items)	true	true	asc
/segments/infrastructure/signaling/systems	FLAG(no-items)	true	true	asc
/segments/infrastructure/signaling	FLAG(no-items)	true	true	asc
/segments/infrastructure/trackwork	FLAG(no-items)	true	true	asc
/segments/infrastructure	FLAG(no-items)	true	true	asc
/segments/locomotive/engines/cat-rail-engines	FLAG(no-items)	true	true	asc
/segments/locomotive/engines/engine-product-support	FLAG(no-items)	true	false	asc
/segments/locomotive/engines/marine-stationary-engines	FLAG(no-items)	true	false	asc
/segments/locomotive/engines/natural-gas-solutions	FLAG(no-items)	true	false	asc
/segments/locomotive/engines	FLAG(no-items)	true	false	asc
/segments/locomotive/locomotive-components	FLAG(no-items)	true	false	asc
/segments/locomotive/locomotive-electronics	FLAG(no-items)	true	false	asc
/segments/locomotive/locomotive-services	FLAG(no-items)	true	true	asc
/segments/locomotive/locomotives/freight-locomotives/gt38-ac	FLAG(no-items)	true	true	asc
/segments/locomotive/locomotives/freight-locomotives/gt38-acl	FLAG(no-items)	true	true	asc
/segments/locomotive/locomotives/freight-locomotives/gt42-ac	FLAG(no-items)	true	true	asc
/segments/locomotive/locomotives/freight-locomotives/gt46-ac	FLAG(no-items)	true	true	asc
/segments/locomotive/locomotives/freight-locomotives/gt46-ac-1520mm	FLAG(no-items)	true	true	asc
/segments/locomotive/locomotives/freight-locomotives/gt46-c-a-ce-gen-ii	FLAG(no-items)	true	true	asc
/segments/locomotive/locomotives/freight-locomotives/gt46-c-a-ce-gen-iii	FLAG(no-items)	true	true	asc
/segments/locomotive/locomotives/freight-locomotives/sd70-acs	FLAG(no-items)	true	true	asc
/segments/locomotive/locomotives/freight-locomotives/sd70-a-ce-45	FLAG(no-items)	true	true	asc
/segments/locomotive/locomotives/freight-locomotives/sd70-a-ce-bb	FLAG(no-items)	true	true	asc
/segments/locomotive/locomotives/freight-locomotives/sd70-a-ce-l-ci	FLAG(no-items)	true	true	asc
/segments/locomotive/locomotives/freight-locomotives/sd70-a-ce-t4	FLAG(no-items)	true	true	asc
/segments/locomotive/locomotives/freight-locomotives/sd70-a-ce	FLAG(no-items)	true	true	asc
/segments/locomotive/locomotives/freight-locomotives/sd80-a-ce	FLAG(no-items)	true	true	asc
/segments/locomotive/locomotives/freight-locomotives	FLAG(no-items)	true	false	asc
/segments/locomotive/locomotives/freight-locomotives	FLAG(no-items)	true	true	asc
/segments/locomotive/locomotives/passenger-locomotives/f125	FLAG(no-items)	true	true	asc
/segments/locomotive/locomotives/passenger-locomotives/repowered	FLAG(no-items)	true	true	asc
/segments/locomotive/locomotives/passenger-locomotives	FLAG(no-items)	true	true	asc
/segments/locomotive/locomotives/repowered-locomotives/emd20-b	FLAG(no-items)	true	true	asc
/segments/locomotive/locomotives/repowered-locomotives/emd24-b	FLAG(no-items)	true	true	asc
/segments/locomotive/locomotives/repowered-locomotives/emd30-c	FLAG(no-items)	true	true	asc
/segments/locomotive/locomotives/repowered-locomotives/emd710-eco	FLAG(no-items)	true	true	asc
/segments/locomotive/locomotives/repowered-locomotives/gt26-cu-3	FLAG(no-items)	true	true	asc
/segments/locomotive/locomotives/repowered-locomotives	FLAG(no-items)	true	false	asc
/segments/locomotive/locomotives/repowered-locomotives	FLAG(no-items)	true	false	asc
/segments/locomotive/locomotives	FLAG(no-items)	true	true	asc
/segments/locomotive	FLAG(no-items)	true	true	asc
/segments/rail-technology/nitro/nitro-yard	FLAG(no-items)	true	true	asc
/segments/rail-technology/nitro	FLAG(no-items)	true	true	asc
/segments/rail-technology/pr-uptime-suite	FLAG(no-items)	true	true	asc
/segments/rail-technology/power-view-suite/connect	FLAG(no-items)	true	false	asc
/segments/rail-technology/power-view-suite/event-recorder	FLAG(no-items)	true	false	asc
/segments/rail-technology/power-view-suite/fuel-monitoring	FLAG(no-items)	true	false	asc
/segments/rail-technology/power-view-suite	FLAG(no-items)	true	false	asc
/segments/rail-technology/predictive-condition-monitoring-systems/argus	FLAG(no-items)	true	false	asc
/segments/rail-technology/predictive-condition-monitoring-systems/battery-condition-monitoring	FLAG(no-items)	true	false	asc
/segments/rail-technology/predictive-condition-monitoring-systems/oscar	FLAG(no-items)	true	false	asc
/segments/rail-technology/predictive-condition-monitoring-systems	FLAG(no-items)	true	true	asc
/segments/rail-technology/talos	FLAG(no-items)	true	true	asc
/segments/rail-technology	FLAG(no-items)	true	false	desc
/segments	FLAG(no-items)	true	false	desc
/services	FLAG(no-items)	true	true	asc